Type,Local Number,Message,Field 1,Value 1,Units 1,Field 2,Value 2,Units 2,Field 3,Value 3,Units 3,Field 4,Value 4,Units 4,Field 5,Value 5,Units 5,Field 6,Value 6,Units 6,Field 7,Value 7,Units 7,Field 8,Value 8,Units 8,
Definition,0,file_id,serial_number,1,,time_created,1,,manufacturer,1,,product,1,,number,1,,unknown,1,,type,1,,
Data,0,file_id,serial_number,"3478404119",,time_created,"1094068620",,manufacturer,"1",,garmin_product,"4394",,number,"165",,type,"32",,,,,
Definition,1,device_info,timestamp,1,,serial_number,1,,manufacturer,1,,product,1,,software_version,1,,,,,,,,
Data,1,device_info,timestamp,"1094068620",s,serial_number,"3478404119",,manufacturer,"1",,garmin_product,"4394",,software_version,"16.11",,,,,,,,
Definition,2,software,version,1,,,,,,,,,,,,,,,,,,,,
Data,2,software,version,"6.0",,,,,,,,,,,,,,,,,,,,
Definition,3,unknown,unknown,1,,unknown,1,,unknown,1,,,,,,,,,,,,,,
Data,3,unknown,unknown,"0",,unknown,"0",,unknown,"200",,,,,,,,,,,,,,
Definition,4,monitoring_info,timestamp,1,,local_timestamp,1,,cycles_to_distance,2,,cycles_to_calories,2,,unknown,2,,resting_metabolic_rate,1,,activity_type,2,,unknown,1,,
Data,4,monitoring_info,timestamp,"1094068620",s,local_timestamp,"1094075820",s,cycles_to_distance,"1.7622|2.6432",m/cycle,cycles_to_calories,"0.0982|0.3092",kcal/cycle,unknown,"9640|9640",,resting_metabolic_rate,"2837",kcal / day,activity_type,"6|1",,,,,
Definition,5,unknown,unknown,25,,,,,,,,,,,,,,,,,,,,,,,
Data,5,unknown,unknown,"140|41|54|65|0|2|0|224|230|0|0|192|205|1|0|0|0|0|0|0|0|0|0|0|0",,,,,,,,,,,,,,,,,,,,,,,
Data,5,unknown,unknown,"140|41|54|65|0|3|0|255|255|0|0|0|0|0|0|0|0|0|0|0|0|0|0|0|0",,,,,,,,,,,,,,,,,,,,,,,
Definition,6,monitoring,timestamp,1,,distance,1,,cycles,1,,active_time,1,,active_calories,1,,duration_min,1,,activity_type,1,,,,,
Data,6,monitoring,timestamp,"1094068620",s,distance,"0.0",m,cycles,"0.0",cycles,active_time,"16265.0",s,active_calories,"1131",kcal,duration_min,"1317",min,activity_type,"0",,,,,
Data,6,monitoring,timestamp,"1094068620",s,distance,"5077.76",m,steps,"5763",cycles,active_time,"9344.0",s,active_calories,"775",kcal,duration_min,"1317",min,activity_type,"6",,,,,
Data,6,monitoring,timestamp,"1094068620",s,distance,"43.61",m,steps,"33",cycles,active_time,"60.0",s,active_calories,"1",kcal,duration_min,"1317",min,activity_type,"1",,,,,
Definition,7,monitoring,timestamp,1,,unknown,1,,unknown,1,,,,,,,,,,,,,,,,,
Data,7,monitoring,timestamp,"1094068620",s,unknown,"28227",,unknown,"24209",,,,,,,,,,,,,,,,,
Definition,0,monitoring,timestamp,1,,unknown,1,,unknown,1,,,,,,,,,,,,,,,,,
Data,0,monitoring,timestamp,"1094068620",s,unknown,"18",,unknown,"5",,,,,,,,,,,,,,,,,
Definition,1,monitoring_hr_data,timestamp,1,,resting_heart_rate,1,,current_day_resting_heart_rate,1,,,,,,,,,,,,,,,,,
Data,1,monitoring_hr_data,timestamp,"1094068620",s,resting_heart_rate,"55",bpm,current_day_resting_heart_rate,"58",bpm,,,,,,,,,,,,,,,,
Definition,2,ohr_settings,timestamp,1,,enabled,1,,,,,,,,,,,,,,,,,,,,
Data,2,ohr_settings,timestamp,"1094068620",s,enabled,"1",,,,,,,,,,,,,,,,,,,,
Definition,3,event,timestamp,1,,data16,1,,event,1,,event_type,1,,,,,,,,,,,,,,
Data,3,event,timestamp,"1094068620",s,data16,"200",,event,"78",,event_type,"3",,data,"200",,,,,,,,,,,
Definition,4,stress_level,stress_level_time,1,,stress_level_value,1,,unknown,1,,unknown,1,,unknown,1,,,,,,,,,,,
Data,4,stress_level,stress_level_time,"1094068680",s,stress_level_value,"-2",,unknown,"102",,unknown,"5",,unknown,"1",,,,,,,,,,,
Definition,5,respiration_rate,timestamp,1,,respiration_rate,1,,,,,,,,,,,,,,,,,,,,
Data,5,respiration_rate,timestamp,"1094068680",,respiration_rate,"-1.0",breaths/min,,,,,,,,,,,,,,,,,,,
Definition,6,monitoring,timestamp_16,1,,heart_rate,1,,,,,,,,,,,,,,,,,,,,
Data,6,monitoring,timestamp_16,"10696",s,heart_rate,"119",bpm,,,,,,,,,,,,,,,,,,,
Definition,7,monitoring,timestamp_16,1,,vigorous_activity_minutes,1,,unknown,1,,,,,,,,,,,,,,,,,
Data,7,monitoring,timestamp_16,"10696",s,vigorous_activity_minutes,"1",minutes,unknown,"6",,,,,,,,,,,,,,,,,
Definition,0,unknown,unknown,25,,,,,,,,,,,,,,,,,,,,,,,
Data,0,unknown,unknown,"200|41|54|65|3|1|0|0|0|0|0|0|0|0|0|0|0|0|0|0|0|0|0|0|0",,,,,,,,,,,,,,,,,,,,,,,
Data,0,unknown,unknown,"200|41|54|65|3|1|0|0|0|0|0|0|0|0|0|0|0|0|0|0|0|0|0|0|0",,,,,,,,,,,,,,,,,,,,,,,
Data,0,unknown,unknown,"200|41|54|65|3|1|0|0|0|0|0|0|0|0|0|0|0|0|0|0|0|0|0|0|0",,,,,,,,,,,,,,,,,,,,,,,
Data,0,unknown,unknown,"200|41|54|65|3|1|0|0|0|0|0|0|0|0|0|0|0|0|0|0|0|0|0|0|0",,,,,,,,,,,,,,,,,,,,,,,
Data,0,unknown,unknown,"200|41|54|65|3|1|0|0|0|0|0|0|0|0|0|0|0|0|0|0|0|0|0|0|0",,,,,,,,,,,,,,,,,,,,,,,
Data,0,unknown,unknown,"200|41|54|65|3|1|0|0|0|0|0|0|0|0|0|0|0|0|0|0|0|0|0|0|0",,,,,,,,,,,,,,,,,,,,,,,
Data,0,unknown,unknown,"200|41|54|65|3|1|0|0|0|0|0|0|0|0|0|0|0|0|0|0|0|0|0|0|0",,,,,,,,,,,,,,,,,,,,,,,
Data,0,unknown,unknown,"200|41|54|65|3|1|0|0|0|0|0|0|0|0|0|0|0|0|0|0|0|0|0|0|0",,,,,,,,,,,,,,,,,,,,,,,
Data,0,unknown,unknown,"200|41|54|65|3|1|0|0|0|0|0|0|0|0|0|0|0|0|0|0|0|0|0|0|0",,,,,,,,,,,,,,,,,,,,,,,
Data,0,unknown,unknown,"200|41|54|65|3|1|0|0|0|0|0|0|0|0|0|0|0|0|0|0|0|0|0|0|0",,,,,,,,,,,,,,,,,,,,,,,
Data,0,unknown,unknown,"200|41|54|65|3|1|0|0|0|0|0|0|0|0|0|0|0|0|0|0|0|0|0|0|0",,,,,,,,,,,,,,,,,,,,,,,
Data,0,unknown,unknown,"200|41|54|65|3|1|0|0|0|0|0|0|0|0|0|0|0|0|0|0|0|0|0|0|0",,,,,,,,,,,,,,,,,,,,,,,
Data,0,unknown,unknown,"200|41|54|65|3|1|0|0|0|0|0|0|0|0|0|0|0|0|0|0|0|0|0|0|0",,,,,,,,,,,,,,,,,,,,,,,
Data,0,unknown,unknown,"200|41|54|65|3|0|164|22|0|0|0|0|0|0|0|0|0|0|0|0|0|0|0|0|0",,,,,,,,,,,,,,,,,,,,,,,
Data,0,unknown,unknown,"200|41|54|65|3|3|137|208|7|0|219|255|255|255|0|0|0|0|0|0|0|0|0|0|0",,,,,,,,,,,,,,,,,,,,,,,
Data,0,unknown,unknown,"200|41|54|65|3|4|150|17|0|0|255|255|255|255|0|0|0|0|0|0|0|0|0|0|0",,,,,,,,,,,,,,,,,,,,,,,
Data,0,unknown,unknown,"200|41|54|65|3|5|116|7|0|0|255|255|255|255|0|0|0|0|0|0|0|0|0|0|0",,,,,,,,,,,,,,,,,,,,,,,
Data,0,unknown,unknown,"200|41|54|65|3|6|34|10|0|0|0|0|0|0|0|0|0|0|0|0|0|0|0|0|0",,,,,,,,,,,,,,,,,,,,,,,
Data,0,unknown,unknown,"200|41|54|65|3|7|176|210|225|65|0|128|101|186|0|0|0|0|0|0|0|0|0|0|0",,,,,,,,,,,,,,,,,,,,,,,
Data,0,unknown,unknown,"200|41|54|65|3|8|104|172|193|65|0|0|64|185|0|0|0|0|0|0|0|0|0|0|0",,,,,,,,,,,,,,,,,,,,,,,
Data,0,unknown,unknown,"200|41|54|65|3|1|0|0|0|0|0|0|0|0|0|0|0|0|0|0|0|0|0|0|0",,,,,,,,,,,,,,,,,,,,,,,
Definition,1,unknown,unknown,4,,,,,,,,,,,,,,,,,,,,,,,
Data,1,unknown,unknown,"20|0|0|248",,,,,,,,,,,,,,,,,,,,,,,
Data,4,stress_level,stress_level_time,"1094068740",s,stress_level_value,"-2",,unknown,"102",,unknown,"5",,unknown,"1",,,,,,,,,,,
Data,5,respiration_rate,timestamp,"1094068740",,respiration_rate,"-1.0",breaths/min,,,,,,,,,,,,,,,,,,,
Data,6,monitoring,timestamp_16,"10756",s,heart_rate,"129",bpm,,,,,,,,,,,,,,,,,,,
Definition,2,monitoring,timestamp_16,1,,moderate_activity_minutes,1,,unknown,1,,,,,,,,,,,,,,,,,
Data,2,monitoring,timestamp_16,"10756",s,moderate_activity_minutes,"1",minutes,unknown,"19",,,,,,,,,,,,,,,,,
Data,1,unknown,unknown,"100|4|2|176",,,,,,,,,,,,,,,,,,,,,,,
Definition,3,monitoring,cycles,1,,active_time,1,,active_calories,1,,timestamp_16,1,,current_activity_type_intensity,1,,,,,,,,,,,
Data,3,monitoring,cycles,"0.0",cycles,active_time,"16385.0",s,active_calories,"1150",kcal,timestamp_16,"10756",s,current_activity_type_intensity,"224",,activity_type,"0",,intensity,"7.0",,,,,
Data,4,stress_level,stress_level_time,"1094068800",s,stress_level_value,"-2",,unknown,"102",,unknown,"5",,unknown,"1",,,,,,,,,,,
Data,5,respiration_rate,timestamp,"1094068800",,respiration_rate,"-1.0",breaths/min,,,,,,,,,,,,,,,,,,,
Data,3,monitoring,steps,"5778",cycles,active_time,"9404.0",s,active_calories,"785",kcal,timestamp_16,"10816",s,current_activity_type_intensity,"70",,activity_type,"6",,intensity,"2.0",,,,,
Data,1,unknown,unknown,"8|0|4|240",,,,,,,,,,,,,,,,,,,,,,,
Data,4,stress_level,stress_level_time,"1094068860",s,stress_level_value,"-2",,unknown,"102",,unknown,"5",,unknown,"1",,,,,,,,,,,
Data,5,respiration_rate,timestamp,"1094068860",,respiration_rate,"-1.0",breaths/min,,,,,,,,,,,,,,,,,,,
Data,6,monitoring,timestamp_16,"10876",s,heart_rate,"127",bpm,,,,,,,,,,,,,,,,,,,
Data,1,unknown,unknown,"29|82|1|0",,,,,,,,,,,,,,,,,,,,,,,
Data,4,stress_level,stress_level_time,"1094068920",s,stress_level_value,"-2",,unknown,"102",,unknown,"5",,unknown,"1",,,,,,,,,,,
Data,5,respiration_rate,timestamp,"1094068920",,respiration_rate,"-1.0",breaths/min,,,,,,,,,,,,,,,,,,,
Data,6,monitoring,timestamp_16,"10936",s,heart_rate,"124",bpm,,,,,,,,,,,,,,,,,,,
Data,1,unknown,unknown,"68|0|32|8",,,,,,,,,,,,,,,,,,,,,,,
Data,4,stress_level,stress_level_time,"1094068980",s,stress_level_value,"-2",,unknown,"102",,unknown,"5",,unknown,"1",,,,,,,,,,,
Data,5,respiration_rate,timestamp,"1094068980",,respiration_rate,"-1.0",breaths/min,,,,,,,,,,,,,,,,,,,
Data,6,monitoring,timestamp_16,"10996",s,heart_rate,"132",bpm,,,,,,,,,,,,,,,,,,,
Definition,4,monitoring,timestamp_16,1,,moderate_activity_minutes,1,,vigorous_activity_minutes,1,,unknown,1,,unknown,1,,,,,,,,,,,
Data,4,monitoring,timestamp_16,"10996",s,moderate_activity_minutes,"2",minutes,vigorous_activity_minutes,"1",minutes,unknown,"21",,unknown,"7",,,,,,,,,,,
Data,1,unknown,unknown,"34|0|0|248",,,,,,,,,,,,,,,,,,,,,,,
Definition,5,event,timestamp,1,,start_timestamp,1,,data16,1,,event,1,,event_type,1,,activity_type,1,,unknown,1,,,,,
Data,5,event,timestamp,"1094069040",s,auto_activity_detect_start_timestamp,"1094067240",s,data16,"15",,event,"54",,event_type,"3",,activity_type,"2",,auto_activity_detect_duration,"15",,,,,
Definition,6,stress_level,stress_level_time,1,,stress_level_value,1,,unknown,1,,unknown,1,,unknown,1,,,,,,,,,,,
Data,6,stress_level,stress_level_time,"1094069040",s,stress_level_value,"99",,unknown,"-98",,unknown,"5",,unknown,"1",,,,,,,,,,,
Definition,7,respiration_rate,timestamp,1,,respiration_rate,1,,,,,,,,,,,,,,,,,,,,
Data,7,respiration_rate,timestamp,"1094069040",,respiration_rate,"-1.0",breaths/min,,,,,,,,,,,,,,,,,,,
Definition,0,monitoring,timestamp_16,1,,heart_rate,1,,,,,,,,,,,,,,,,,,,,
Data,0,monitoring,timestamp_16,"11056",s,heart_rate,"123",bpm,,,,,,,,,,,,,,,,,,,
Data,1,unknown,unknown,"20|0|0|248",,,,,,,,,,,,,,,,,,,,,,,
Data,6,stress_level,stress_level_time,"1094069100",s,stress_level_value,"87",,unknown,"-83",,unknown,"5",,unknown,"1",,,,,,,,,,,
Data,7,respiration_rate,timestamp,"1094069100",,respiration_rate,"13.36",breaths/min,,,,,,,,,,,,,,,,,,,
Data,0,monitoring,timestamp_16,"11116",s,heart_rate,"108",bpm,,,,,,,,,,,,,,,,,,,
Data,1,unknown,unknown,"24|77|8|16",,,,,,,,,,,,,,,,,,,,,,,
Data,3,monitoring,cycles,"0.0",cycles,active_time,"16685.0",s,active_calories,"1185",kcal,timestamp_16,"11116",s,current_activity_type_intensity,"192",,activity_type,"0",,intensity,"6.0",,,,,
Data,6,stress_level,stress_level_time,"1094069160",s,stress_level_value,"90",,unknown,"-87",,unknown,"5",,unknown,"1",,,,,,,,,,,
Data,7,respiration_rate,timestamp,"1094069160",,respiration_rate,"13.99",breaths/min,,,,,,,,,,,,,,,,,,,
Data,0,monitoring,timestamp_16,"11176",s,heart_rate,"100",bpm,,,,,,,,,,,,,,,,,,,
Data,1,unknown,unknown,"10|0|0|24",,,,,,,,,,,,,,,,,,,,,,,
Definition,1,monitoring,timestamp,1,,current_activity_type_intensity,1,,,,,,,,,,,,,,,,,,,,
Data,1,monitoring,timestamp,"1094069160",s,current_activity_type_intensity,"104",,activity_type,"8",,intensity,"3.0",,,,,,,,,,,,,,
Data,6,stress_level,stress_level_time,"1094069220",s,stress_level_value,"-2",,unknown,"102",,unknown,"5",,unknown,"1",,,,,,,,,,,
Data,7,respiration_rate,timestamp,"1094069220",,respiration_rate,"-1.0",breaths/min,,,,,,,,,,,,,,,,,,,
Data,0,monitoring,timestamp_16,"11236",s,heart_rate,"104",bpm,,,,,,,,,,,,,,,,,,,
Definition,2,unknown,unknown,4,,,,,,,,,,,,,,,,,,,,,,,
Data,2,unknown,unknown,"10|64|3|32",,,,,,,,,,,,,,,,,,,,,,,
Data,3,monitoring,cycles,"0.0",cycles,active_time,"16745.0",s,active_calories,"1191",kcal,timestamp_16,"11236",s,current_activity_type_intensity,"160",,activity_type,"0",,intensity,"5.0",,,,,
Data,6,stress_level,stress_level_time,"1094069280",s,stress_level_value,"96",,unknown,"-95",,unknown,"5",,unknown,"1",,,,,,,,,,,
Data,7,respiration_rate,timestamp,"1094069280",,respiration_rate,"14.16",breaths/min,,,,,,,,,,,,,,,,,,,
Data,0,monitoring,timestamp_16,"11296",s,heart_rate,"112",bpm,,,,,,,,,,,,,,,,,,,
Data,2,unknown,unknown,"10|132|1|176",,,,,,,,,,,,,,,,,,,,,,,
Data,6,stress_level,stress_level_time,"1094069340",s,stress_level_value,"81",,unknown,"-74",,unknown,"5",,unknown,"1",,,,,,,,,,,
Data,7,respiration_rate,timestamp,"1094069340",,respiration_rate,"14.33",breaths/min,,,,,,,,,,,,,,,,,,,
Data,0,monitoring,timestamp_16,"11356",s,heart_rate,"95",bpm,,,,,,,,,,,,,,,,,,,
Data,2,unknown,unknown,"4|2|0|40",,,,,,,,,,,,,,,,,,,,,,,
Data,1,monitoring,timestamp,"1094069340",s,current_activity_type_intensity,"104",,activity_type,"8",,intensity,"3.0",,,,,,,,,,,,,,
Data,6,stress_level,stress_level_time,"1094069400",s,stress_level_value,"93",,unknown,"-91",,unknown,"5",,unknown,"1",,,,,,,,,,,
Data,7,respiration_rate,timestamp,"1094069400",,respiration_rate,"13.82",breaths/min,,,,,,,,,,,,,,,,,,,
Data,0,monitoring,timestamp_16,"11416",s,heart_rate,"99",bpm,,,,,,,,,,,,,,,,,,,
Data,2,unknown,unknown,"8|0|4|240",,,,,,,,,,,,,,,,,,,,,,,
Data,1,monitoring,timestamp,"1094069400",s,current_activity_type_intensity,"8",,activity_type,"8",,intensity,"0.0",,,,,,,,,,,,,,
Data,6,stress_level,stress_level_time,"1094069460",s,stress_level_value,"88",,unknown,"-84",,unknown,"5",,unknown,"1",,,,,,,,,,,
Data,7,respiration_rate,timestamp,"1094069460",,respiration_rate,"13.61",breaths/min,,,,,,,,,,,,,,,,,,,
Data,0,monitoring,timestamp_16,"11476",s,heart_rate,"95",bpm,,,,,,,,,,,,,,,,,,,
Data,2,unknown,unknown,"0|0|0|48",,,,,,,,,,,,,,,,,,,,,,,
Data,1,monitoring,timestamp,"1094069460",s,current_activity_type_intensity,"72",,activity_type,"8",,intensity,"2.0",,,,,,,,,,,,,,
Data,6,stress_level,stress_level_time,"1094069520",s,stress_level_value,"87",,unknown,"-83",,unknown,"5",,unknown,"1",,,,,,,,,,,
Data,7,respiration_rate,timestamp,"1094069520",,respiration_rate,"13.06",breaths/min,,,,,,,,,,,,,,,,,,,
Data,0,monitoring,timestamp_16,"11536",s,heart_rate,"92",bpm,,,,,,,,,,,,,,,,,,,
Data,2,unknown,unknown,"0|0|0|56",,,,,,,,,,,,,,,,,,,,,,,
Data,1,monitoring,timestamp,"1094069520",s,current_activity_type_intensity,"8",,activity_type,"8",,intensity,"0.0",,,,,,,,,,,,,,
Data,6,stress_level,stress_level_time,"1094069580",s,stress_level_value,"85",,unknown,"-80",,unknown,"5",,unknown,"1",,,,,,,,,,,
Data,7,respiration_rate,timestamp,"1094069580",,respiration_rate,"13.2",breaths/min,,,,,,,,,,,,,,,,,,,
Data,0,monitoring,timestamp_16,"11596",s,heart_rate,"91",bpm,,,,,,,,,,,,,,,,,,,
Data,2,unknown,unknown,"0|0|0|64",,,,,,,,,,,,,,,,,,,,,,,
Data,1,monitoring,timestamp,"1094069580",s,current_activity_type_intensity,"136",,activity_type,"8",,intensity,"4.0",,,,,,,,,,,,,,
Data,6,stress_level,stress_level_time,"1094069640",s,stress_level_value,"87",,unknown,"-83",,unknown,"5",,unknown,"1",,,,,,,,,,,
Data,7,respiration_rate,timestamp,"1094069640",,respiration_rate,"14.0",breaths/min,,,,,,,,,,,,,,,,,,,
Data,0,monitoring,timestamp_16,"11656",s,heart_rate,"95",bpm,,,,,,,,,,,,,,,,,,,
Data,2,unknown,unknown,"0|0|0|72",,,,,,,,,,,,,,,,,,,,,,,
Data,1,monitoring,timestamp,"1094069640",s,current_activity_type_intensity,"8",,activity_type,"8",,intensity,"0.0",,,,,,,,,,,,,,
Data,6,stress_level,stress_level_time,"1094069700",s,stress_level_value,"85",,unknown,"-80",,unknown,"5",,unknown,"1",,,,,,,,,,,
Data,7,respiration_rate,timestamp,"1094069700",,respiration_rate,"14.3",breaths/min,,,,,,,,,,,,,,,,,,,
Data,0,monitoring,timestamp_16,"11716",s,heart_rate,"92",bpm,,,,,,,,,,,,,,,,,,,
Data,2,unknown,unknown,"0|0|0|80",,,,,,,,,,,,,,,,,,,,,,,
Data,6,stress_level,stress_level_time,"1094069760",s,stress_level_value,"84",,unknown,"-79",,unknown,"5",,unknown,"1",,,,,,,,,,,
Data,7,respiration_rate,timestamp,"1094069760",,respiration_rate,"14.49",breaths/min,,,,,,,,,,,,,,,,,,,
Data,0,monitoring,timestamp_16,"11776",s,heart_rate,"91",bpm,,,,,,,,,,,,,,,,,,,
Data,2,unknown,unknown,"4|80|1|176",,,,,,,,,,,,,,,,,,,,,,,
Data,1,monitoring,timestamp,"1094069760",s,current_activity_type_intensity,"104",,activity_type,"8",,intensity,"3.0",,,,,,,,,,,,,,
Data,6,stress_level,stress_level_time,"1094069820",s,stress_level_value,"62",,unknown,"-49",,unknown,"5",,unknown,"1",,,,,,,,,,,
Data,7,respiration_rate,timestamp,"1094069820",,respiration_rate,"14.75",breaths/min,,,,,,,,,,,,,,,,,,,
Data,0,monitoring,timestamp_16,"11836",s,heart_rate,"85",bpm,,,,,,,,,,,,,,,,,,,
Data,2,unknown,unknown,"29|2|4|0",,,,,,,,,,,,,,,,,,,,,,,
Data,5,event,timestamp,"1094069880",s,auto_activity_detect_start_timestamp,"1094068140",s,data16,"14",,event,"54",,event_type,"3",,activity_type,"0",,auto_activity_detect_duration,"14",,,,,
Data,1,monitoring,timestamp,"1094069820",s,current_activity_type_intensity,"8",,activity_type,"8",,intensity,"0.0",,,,,,,,,,,,,,
Data,6,stress_level,stress_level_time,"1094069880",s,stress_level_value,"65",,unknown,"-53",,unknown,"5",,unknown,"1",,,,,,,,,,,
Data,7,respiration_rate,timestamp,"1094069880",,respiration_rate,"-1.0",breaths/min,,,,,,,,,,,,,,,,,,,
Data,0,monitoring,timestamp_16,"11896",s,heart_rate,"89",bpm,,,,,,,,,,,,,,,,,,,
Data,2,unknown,unknown,"34|64|63|8",,,,,,,,,,,,,,,,,,,,,,,
Data,5,event,timestamp,"1094069940",s,auto_activity_detect_start_timestamp,"1094068980",s,data16,"1",,event,"54",,event_type,"3",,activity_type,"8",,auto_activity_detect_duration,"1",,,,,
Data,3,monitoring,steps,"5795",cycles,active_time,"9464.0",s,active_calories,"787",kcal,timestamp_16,"11896",s,current_activity_type_intensity,"70",,activity_type,"6",,intensity,"2.0",,,,,
Data,6,stress_level,stress_level_time,"1094069940",s,stress_level_value,"91",,unknown,"-88",,unknown,"5",,unknown,"1",,,,,,,,,,,
Data,7,respiration_rate,timestamp,"1094069940",,respiration_rate,"-1.0",breaths/min,,,,,,,,,,,,,,,,,,,
Data,0,monitoring,timestamp_16,"11956",s,heart_rate,"98",bpm,,,,,,,,,,,,,,,,,,,
Data,2,unknown,unknown,"216|76|8|16",,,,,,,,,,,,,,,,,,,,,,,
Data,6,stress_level,stress_level_time,"1094070000",s,stress_level_value,"-2",,unknown,"102",,unknown,"5",,unknown,"1",,,,,,,,,,,
Data,7,respiration_rate,timestamp,"1094070000",,respiration_rate,"-1.0",breaths/min,,,,,,,,,,,,,,,,,,,
Data,0,monitoring,timestamp_16,"12016",s,heart_rate,"88",bpm,,,,,,,,,,,,,,,,,,,
Data,2,unknown,unknown,"8|0|4|240",,,,,,,,,,,,,,,,,,,,,,,
Data,1,monitoring,timestamp,"1094070000",s,current_activity_type_intensity,"168",,activity_type,"8",,intensity,"5.0",,,,,,,,,,,,,,
Data,6,stress_level,stress_level_time,"1094070060",s,stress_level_value,"-2",,unknown,"102",,unknown,"5",,unknown,"1",,,,,,,,,,,
Data,7,respiration_rate,timestamp,"1094070060",,respiration_rate,"-1.0",breaths/min,,,,,,,,,,,,,,,,,,,
Data,0,monitoring,timestamp_16,"12076",s,heart_rate,"95",bpm,,,,,,,,,,,,,,,,,,,
Data,2,unknown,unknown,"34|0|0|248",,,,,,,,,,,,,,,,,,,,,,,
Data,6,stress_level,stress_level_time,"1094070120",s,stress_level_value,"-2",,unknown,"102",,unknown,"5",,unknown,"1",,,,,,,,,,,
Data,7,respiration_rate,timestamp,"1094070120",,respiration_rate,"-1.0",breaths/min,,,,,,,,,,,,,,,,,,,
Data,0,monitoring,timestamp_16,"12136",s,heart_rate,"109",bpm,,,,,,,,,,,,,,,,,,,
Data,2,unknown,unknown,"20|0|0|248",,,,,,,,,,,,,,,,,,,,,,,
Data,5,event,timestamp,"1094070180",s,auto_activity_detect_start_timestamp,"1094069040",s,data16,"4",,event,"54",,event_type,"3",,activity_type,"0",,auto_activity_detect_duration,"4",,,,,
Data,6,stress_level,stress_level_time,"1094070180",s,stress_level_value,"-2",,unknown,"102",,unknown,"5",,unknown,"1",,,,,,,,,,,
Data,7,respiration_rate,timestamp,"1094070180",,respiration_rate,"-1.0",breaths/min,,,,,,,,,,,,,,,,,,,
Data,0,monitoring,timestamp_16,"12196",s,heart_rate,"105",bpm,,,,,,,,,,,,,,,,,,,
Data,2,unknown,unknown,"10|0|0|24",,,,,,,,,,,,,,,,,,,,,,,
Data,6,stress_level,stress_level_time,"1094070240",s,stress_level_value,"-2",,unknown,"102",,unknown,"5",,unknown,"1",,,,,,,,,,,
Data,7,respiration_rate,timestamp,"1094070240",,respiration_rate,"-1.0",breaths/min,,,,,,,,,,,,,,,,,,,
Data,0,monitoring,timestamp_16,"12256",s,heart_rate,"100",bpm,,,,,,,,,,,,,,,,,,,
Data,2,unknown,unknown,"10|64|3|32",,,,,,,,,,,,,,,,,,,,,,,
Data,3,monitoring,steps,"5885",cycles,active_time,"9704.0",s,active_calories,"804",kcal,timestamp_16,"12256",s,current_activity_type_intensity,"102",,activity_type,"6",,intensity,"3.0",,,,,
Data,6,stress_level,stress_level_time,"1094070300",s,stress_level_value,"96",,unknown,"-94",,unknown,"5",,unknown,"1",,,,,,,,,,,
Data,7,respiration_rate,timestamp,"1094070300",,respiration_rate,"-1.0",breaths/min,,,,,,,,,,,,,,,,,,,
Data,0,monitoring,timestamp_16,"12316",s,heart_rate,"106",bpm,,,,,,,,,,,,,,,,,,,
Data,2,unknown,unknown,"20|108|1|176",,,,,,,,,,,,,,,,,,,,,,,
Data,6,stress_level,stress_level_time,"1094070360",s,stress_level_value,"78",,unknown,"-70",,unknown,"5",,unknown,"1",,,,,,,,,,,
Data,7,respiration_rate,timestamp,"1094070360",,respiration_rate,"12.2",breaths/min,,,,,,,,,,,,,,,,,,,
Data,0,monitoring,timestamp_16,"12376",s,heart_rate,"90",bpm,,,,,,,,,,,,,,,,,,,
Data,2,unknown,unknown,"4|2|0|40",,,,,,,,,,,,,,,,,,,,,,,
Data,6,stress_level,stress_level_time,"1094070420",s,stress_level_value,"74",,unknown,"-65",,unknown,"5",,unknown,"1",,,,,,,,,,,
Data,7,respiration_rate,timestamp,"1094070420",,respiration_rate,"12.73",breaths/min,,,,,,,,,,,,,,,,,,,
Data,0,monitoring,timestamp_16,"12436",s,heart_rate,"84",bpm,,,,,,,,,,,,,,,,,,,
Data,2,unknown,unknown,"0|0|0|48",,,,,,,,,,,,,,,,,,,,,,,
Data,6,stress_level,stress_level_time,"1094070480",s,stress_level_value,"79",,unknown,"-72",,unknown,"5",,unknown,"1",,,,,,,,,,,
Data,7,respiration_rate,timestamp,"1094070480",,respiration_rate,"12.54",breaths/min,,,,,,,,,,,,,,,,,,,
Data,0,monitoring,timestamp_16,"12496",s,heart_rate,"85",bpm,,,,,,,,,,,,,,,,,,,
Data,2,unknown,unknown,"0|0|0|56",,,,,,,,,,,,,,,,,,,,,,,
Data,6,stress_level,stress_level_time,"1094070540",s,stress_level_value,"66",,unknown,"-55",,unknown,"5",,unknown,"1",,,,,,,,,,,
Data,7,respiration_rate,timestamp,"1094070540",,respiration_rate,"12.38",breaths/min,,,,,,,,,,,,,,,,,,,
Data,0,monitoring,timestamp_16,"12556",s,heart_rate,"81",bpm,,,,,,,,,,,,,,,,,,,
Data,2,unknown,unknown,"0|0|0|64",,,,,,,,,,,,,,,,,,,,,,,
Data,6,stress_level,stress_level_time,"1094070600",s,stress_level_value,"69",,unknown,"-59",,unknown,"5",,unknown,"1",,,,,,,,,,,
Data,7,respiration_rate,timestamp,"1094070600",,respiration_rate,"12.44",breaths/min,,,,,,,,,,,,,,,,,,,
Data,0,monitoring,timestamp_16,"12616",s,heart_rate,"83",bpm,,,,,,,,,,,,,,,,,,,
Definition,3,unknown,unknown,25,,,,,,,,,,,,,,,,,,,,,,,
Data,3,unknown,unknown,"98|49|54|65|0|3|0|255|255|0|0|0|0|0|0|0|0|0|0|0|0|0|0|0|0",,,,,,,,,,,,,,,,,,,,,,,
Data,3,unknown,unknown,"99|49|54|65|0|3|0|255|255|0|0|0|0|0|0|0|0|0|0|0|0|0|0|0|0",,,,,,,,,,,,,,,,,,,,,,,
Data,2,unknown,unknown,"4|0|4|240",,,,,,,,,,,,,,,,,,,,,,,
Data,5,event,timestamp,"1094070660",s,auto_activity_detect_start_timestamp,"1094069280",s,data16,"8",,event,"54",,event_type,"3",,activity_type,"8",,auto_activity_detect_duration,"8",,,,,
Data,0,monitoring,timestamp_16,"12676",s,heart_rate,"84",bpm,,,,,,,,,,,,,,,,,,,
Data,2,unknown,unknown,"40|0|0|248",,,,,,,,,,,,,,,,,,,,,,,
Data,6,stress_level,stress_level_time,"1094070720",s,stress_level_value,"65",,unknown,"-53",,unknown,"5",,unknown,"1",,,,,,,,,,,
Data,7,respiration_rate,timestamp,"1094070720",,respiration_rate,"14.48",breaths/min,,,,,,,,,,,,,,,,,,,
Data,0,monitoring,timestamp_16,"12736",s,heart_rate,"87",bpm,,,,,,,,,,,,,,,,,,,
Data,2,unknown,unknown,"40|0|0|248",,,,,,,,,,,,,,,,,,,,,,,
Data,6,stress_level,stress_level_time,"1094070780",s,stress_level_value,"60",,unknown,"-46",,unknown,"5",,unknown,"1",,,,,,,,,,,
Data,7,respiration_rate,timestamp,"1094070780",,respiration_rate,"14.44",breaths/min,,,,,,,,,,,,,,,,,,,
Data,0,monitoring,timestamp_16,"12796",s,heart_rate,"82",bpm,,,,,,,,,,,,,,,,,,,
Data,2,unknown,unknown,"20|0|0|248",,,,,,,,,,,,,,,,,,,,,,,
Data,6,stress_level,stress_level_time,"1094070840",s,stress_level_value,"70",,unknown,"-60",,unknown,"5",,unknown,"1",,,,,,,,,,,
Data,7,respiration_rate,timestamp,"1094070840",,respiration_rate,"13.48",breaths/min,,,,,,,,,,,,,,,,,,,
Data,0,monitoring,timestamp_16,"12856",s,heart_rate,"81",bpm,,,,,,,,,,,,,,,,,,,
Data,2,unknown,unknown,"4|64|1|176",,,,,,,,,,,,,,,,,,,,,,,
Data,1,monitoring,timestamp,"1094070840",s,current_activity_type_intensity,"136",,activity_type,"8",,intensity,"4.0",,,,,,,,,,,,,,
Data,6,stress_level,stress_level_time,"1094070900",s,stress_level_value,"50",,unknown,"-33",,unknown,"5",,unknown,"1",,,,,,,,,,,
Data,7,respiration_rate,timestamp,"1094070900",,respiration_rate,"13.01",breaths/min,,,,,,,,,,,,,,,,,,,
Data,0,monitoring,timestamp_16,"12916",s,heart_rate,"79",bpm,,,,,,,,,,,,,,,,,,,
Data,2,unknown,unknown,"0|0|0|72",,,,,,,,,,,,,,,,,,,,,,,
Data,6,stress_level,stress_level_time,"1094070960",s,stress_level_value,"66",,unknown,"-54",,unknown,"5",,unknown,"1",,,,,,,,,,,
Data,7,respiration_rate,timestamp,"1094070960",,respiration_rate,"13.09",breaths/min,,,,,,,,,,,,,,,,,,,
Data,0,monitoring,timestamp_16,"12976",s,heart_rate,"82",bpm,,,,,,,,,,,,,,,,,,,
Data,2,unknown,unknown,"0|0|0|80",,,,,,,,,,,,,,,,,,,,,,,
Data,6,stress_level,stress_level_time,"1094071020",s,stress_level_value,"51",,unknown,"-35",,unknown,"5",,unknown,"1",,,,,,,,,,,
Data,7,respiration_rate,timestamp,"1094071020",,respiration_rate,"12.87",breaths/min,,,,,,,,,,,,,,,,,,,
Data,0,monitoring,timestamp_16,"13036",s,heart_rate,"80",bpm,,,,,,,,,,,,,,,,,,,
Data,2,unknown,unknown,"29|2|0|0",,,,,,,,,,,,,,,,,,,,,,,
Data,1,monitoring,timestamp,"1094071020",s,current_activity_type_intensity,"8",,activity_type,"8",,intensity,"0.0",,,,,,,,,,,,,,
Data,6,stress_level,stress_level_time,"1094071080",s,stress_level_value,"68",,unknown,"-57",,unknown,"5",,unknown,"1",,,,,,,,,,,
Data,7,respiration_rate,timestamp,"1094071080",,respiration_rate,"12.35",breaths/min,,,,,,,,,,,,,,,,,,,
Data,0,monitoring,timestamp_16,"13096",s,heart_rate,"81",bpm,,,,,,,,,,,,,,,,,,,
Data,2,unknown,unknown,"2|64|38|8",,,,,,,,,,,,,,,,,,,,,,,
Data,5,event,timestamp,"1094071140",s,auto_activity_detect_start_timestamp,"1094069760",s,data16,"8",,event,"54",,event_type,"3",,activity_type,"0",,auto_activity_detect_duration,"8",,,,,
Data,6,stress_level,stress_level_time,"1094071140",s,stress_level_value,"72",,unknown,"-63",,unknown,"5",,unknown,"1",,,,,,,,,,,
Data,7,respiration_rate,timestamp,"1094071140",,respiration_rate,"-1.0",breaths/min,,,,,,,,,,,,,,,,,,,
Data,2,unknown,unknown,"152|12|8|16",,,,,,,,,,,,,,,,,,,,,,,
Data,5,event,timestamp,"1094071200",s,auto_activity_detect_start_timestamp,"1094070240",s,data16,"1",,event,"54",,event_type,"3",,activity_type,"8",,auto_activity_detect_duration,"1",,,,,
Data,1,monitoring,timestamp,"1094071140",s,current_activity_type_intensity,"136",,activity_type,"8",,intensity,"4.0",,,,,,,,,,,,,,
Data,6,stress_level,stress_level_time,"1094071200",s,stress_level_value,"-2",,unknown,"102",,unknown,"5",,unknown,"1",,,,,,,,,,,
Data,7,respiration_rate,timestamp,"1094071200",,respiration_rate,"-1.0",breaths/min,,,,,,,,,,,,,,,,,,,
Data,0,monitoring,timestamp_16,"13216",s,heart_rate,"95",bpm,,,,,,,,,,,,,,,,,,,
Definition,4,monitoring,cycles,1,,active_time,1,,active_calories,1,,timestamp_16,1,,current_activity_type_intensity,1,,,,,,,,,,,
Data,4,monitoring,steps,"5892",cycles,active_time,"9764.0",s,active_calories,"808",kcal,timestamp_16,"13216",s,current_activity_type_intensity,"6",,activity_type,"6",,intensity,"0.0",,,,,
Data,2,unknown,unknown,"8|0|4|240",,,,,,,,,,,,,,,,,,,,,,,
Data,5,event,timestamp,"1094071260",s,auto_activity_detect_start_timestamp,"1094070300",s,data16,"1",,event,"54",,event_type,"3",,activity_type,"0",,auto_activity_detect_duration,"1",,,,,
Data,6,stress_level,stress_level_time,"1094071260",s,stress_level_value,"-2",,unknown,"102",,unknown,"5",,unknown,"1",,,,,,,,,,,
Data,7,respiration_rate,timestamp,"1094071260",,respiration_rate,"-1.0",breaths/min,,,,,,,,,,,,,,,,,,,
Data,0,monitoring,timestamp_16,"13276",s,heart_rate,"103",bpm,,,,,,,,,,,,,,,,,,,
Data,2,unknown,unknown,"10|0|0|24",,,,,,,,,,,,,,,,,,,,,,,
Data,6,stress_level,stress_level_time,"1094071320",s,stress_level_value,"-2",,unknown,"102",,unknown,"5",,unknown,"1",,,,,,,,,,,
Data,7,respiration_rate,timestamp,"1094071320",,respiration_rate,"-1.0",breaths/min,,,,,,,,,,,,,,,,,,,
Data,0,monitoring,timestamp_16,"13336",s,heart_rate,"104",bpm,,,,,,,,,,,,,,,,,,,
Data,2,unknown,unknown,"100|184|1|176",,,,,,,,,,,,,,,,,,,,,,,
Data,5,event,timestamp,"1094071380",s,auto_activity_detect_start_timestamp,"1094070360",s,data16,"2",,event,"54",,event_type,"3",,activity_type,"8",,auto_activity_detect_duration,"2",,,,,
Data,4,monitoring,steps,"5953",cycles,active_time,"9884.0",s,active_calories,"818",kcal,timestamp_16,"13336",s,current_activity_type_intensity,"134",,activity_type,"6",,intensity,"4.0",,,,,
Data,6,stress_level,stress_level_time,"1094071380",s,stress_level_value,"-2",,unknown,"102",,unknown,"5",,unknown,"1",,,,,,,,,,,
Data,7,respiration_rate,timestamp,"1094071380",,respiration_rate,"-1.0",breaths/min,,,,,,,,,,,,,,,,,,,
Data,0,monitoring,timestamp_16,"13396",s,heart_rate,"107",bpm,,,,,,,,,,,,,,,,,,,
Data,2,unknown,unknown,"10|64|3|32",,,,,,,,,,,,,,,,,,,,,,,
Data,6,stress_level,stress_level_time,"1094071440",s,stress_level_value,"90",,unknown,"-87",,unknown,"5",,unknown,"1",,,,,,,,,,,
Data,7,respiration_rate,timestamp,"1094071440",,respiration_rate,"-1.0",breaths/min,,,,,,,,,,,,,,,,,,,
Data,0,monitoring,timestamp_16,"13456",s,heart_rate,"101",bpm,,,,,,,,,,,,,,,,,,,
Data,2,unknown,unknown,"34|0|0|248",,,,,,,,,,,,,,,,,,,,,,,
Data,0,monitoring,timestamp_16,"13516",s,heart_rate,"96",bpm,,,,,,,,,,,,,,,,,,,
Data,2,unknown,unknown,"20|0|0|248",,,,,,,,,,,,,,,,,,,,,,,
Data,5,event,timestamp,"1094071560",s,auto_activity_detect_start_timestamp,"1094070480",s,data16,"3",,event,"54",,event_type,"3",,activity_type,"0",,auto_activity_detect_duration,"3",,,,,
Data,6,stress_level,stress_level_time,"1094071560",s,stress_level_value,"78",,unknown,"-70",,unknown,"5",,unknown,"1",,,,,,,,,,,
Data,7,respiration_rate,timestamp,"1094071560",,respiration_rate,"14.04",breaths/min,,,,,,,,,,,,,,,,,,,
Data,0,monitoring,timestamp_16,"13576",s,heart_rate,"87",bpm,,,,,,,,,,,,,,,,,,,
Data,2,unknown,unknown,"4|2|0|40",,,,,,,,,,,,,,,,,,,,,,,
Data,1,monitoring,timestamp,"1094071560",s,current_activity_type_intensity,"168",,activity_type,"8",,intensity,"5.0",,,,,,,,,,,,,,
Data,6,stress_level,stress_level_time,"1094071620",s,stress_level_value,"84",,unknown,"-78",,unknown,"5",,unknown,"1",,,,,,,,,,,
Data,7,respiration_rate,timestamp,"1094071620",,respiration_rate,"14.42",breaths/min,,,,,,,,,,,,,,,,,,,
Data,0,monitoring,timestamp_16,"13636",s,heart_rate,"88",bpm,,,,,,,,,,,,,,,,,,,
Data,2,unknown,unknown,"0|0|0|48",,,,,,,,,,,,,,,,,,,,,,,
Data,4,monitoring,steps,"5963",cycles,active_time,"9944.0",s,active_calories,"819",kcal,timestamp_16,"13636",s,current_activity_type_intensity,"70",,activity_type,"6",,intensity,"2.0",,,,,
Data,6,stress_level,stress_level_time,"1094071680",s,stress_level_value,"66",,unknown,"-55",,unknown,"5",,unknown,"1",,,,,,,,,,,
Data,7,respiration_rate,timestamp,"1094071680",,respiration_rate,"14.49",breaths/min,,,,,,,,,,,,,,,,,,,
Data,0,monitoring,timestamp_16,"13696",s,heart_rate,"81",bpm,,,,,,,,,,,,,,,,,,,
Data,2,unknown,unknown,"0|0|0|56",,,,,,,,,,,,,,,,,,,,,,,
Data,6,stress_level,stress_level_time,"1094071740",s,stress_level_value,"73",,unknown,"-64",,unknown,"5",,unknown,"1",,,,,,,,,,,
Data,7,respiration_rate,timestamp,"1094071740",,respiration_rate,"14.26",breaths/min,,,,,,,,,,,,,,,,,,,
Data,0,monitoring,timestamp_16,"13756",s,heart_rate,"82",bpm,,,,,,,,,,,,,,,,,,,
Data,2,unknown,unknown,"0|0|0|64",,,,,,,,,,,,,,,,,,,,,,,
Data,1,monitoring,timestamp,"1094071740",s,current_activity_type_intensity,"136",,activity_type,"8",,intensity,"4.0",,,,,,,,,,,,,,
Data,6,stress_level,stress_level_time,"1094071800",s,stress_level_value,"81",,unknown,"-75",,unknown,"5",,unknown,"1",,,,,,,,,,,
Data,7,respiration_rate,timestamp,"1094071800",,respiration_rate,"13.71",breaths/min,,,,,,,,,,,,,,,,,,,
Data,0,monitoring,timestamp_16,"13816",s,heart_rate,"88",bpm,,,,,,,,,,,,,,,,,,,
Data,2,unknown,unknown,"12|0|4|240",,,,,,,,,,,,,,,,,,,,,,,
Data,1,monitoring,timestamp,"1094071800",s,current_activity_type_intensity,"8",,activity_type,"8",,intensity,"0.0",,,,,,,,,,,,,,
Data,6,stress_level,stress_level_time,"1094071860",s,stress_level_value,"75",,unknown,"-67",,unknown,"5",,unknown,"1",,,,,,,,,,,
Data,7,respiration_rate,timestamp,"1094071860",,respiration_rate,"13.41",breaths/min,,,,,,,,,,,,,,,,,,,
Data,2,unknown,unknown,"4|96|1|176",,,,,,,,,,,,,,,,,,,,,,,
Data,5,event,timestamp,"1094071920",s,auto_activity_detect_start_timestamp,"1094070660",s,data16,"6",,event,"54",,event_type,"3",,activity_type,"8",,auto_activity_detect_duration,"6",,,,,
Data,6,stress_level,stress_level_time,"1094071920",s,stress_level_value,"69",,unknown,"-58",,unknown,"5",,unknown,"1",,,,,,,,,,,
Data,7,respiration_rate,timestamp,"1094071920",,respiration_rate,"13.34",breaths/min,,,,,,,,,,,,,,,,,,,
Data,0,monitoring,timestamp_16,"13936",s,heart_rate,"90",bpm,,,,,,,,,,,,,,,,,,,
Data,2,unknown,unknown,"0|0|0|72",,,,,,,,,,,,,,,,,,,,,,,
Data,6,stress_level,stress_level_time,"1094071980",s,stress_level_value,"55",,unknown,"-40",,unknown,"5",,unknown,"1",,,,,,,,,,,
Data,7,respiration_rate,timestamp,"1094071980",,respiration_rate,"14.42",breaths/min,,,,,,,,,,,,,,,,,,,
Data,0,monitoring,timestamp_16,"13996",s,heart_rate,"83",bpm,,,,,,,,,,,,,,,,,,,
Data,2,unknown,unknown,"0|0|0|80",,,,,,,,,,,,,,,,,,,,,,,
Data,6,stress_level,stress_level_time,"1094072040",s,stress_level_value,"73",,unknown,"-64",,unknown,"5",,unknown,"1",,,,,,,,,,,
Data,7,respiration_rate,timestamp,"1094072040",,respiration_rate,"14.54",breaths/min,,,,,,,,,,,,,,,,,,,
Data,0,monitoring,timestamp_16,"14056",s,heart_rate,"87",bpm,,,,,,,,,,,,,,,,,,,
Data,2,unknown,unknown,"29|2|0|0",,,,,,,,,,,,,,,,,,,,,,,
Data,1,monitoring,timestamp,"1094072040",s,current_activity_type_intensity,"72",,activity_type,"8",,intensity,"2.0",,,,,,,,,,,,,,
Data,6,stress_level,stress_level_time,"1094072100",s,stress_level_value,"72",,unknown,"-62",,unknown,"5",,unknown,"1",,,,,,,,,,,
Data,7,respiration_rate,timestamp,"1094072100",,respiration_rate,"14.34",breaths/min,,,,,,,,,,,,,,,,,,,
Data,0,monitoring,timestamp_16,"14116",s,heart_rate,"84",bpm,,,,,,,,,,,,,,,,,,,
Data,2,unknown,unknown,"2|64|38|8",,,,,,,,,,,,,,,,,,,,,,,
Data,6,stress_level,stress_level_time,"1094072160",s,stress_level_value,"75",,unknown,"-66",,unknown,"5",,unknown,"1",,,,,,,,,,,
Data,7,respiration_rate,timestamp,"1094072160",,respiration_rate,"14.52",breaths/min,,,,,,,,,,,,,,,,,,,
Data,2,unknown,unknown,"152|12|8|16",,,,,,,,,,,,,,,,,,,,,,,
Data,1,monitoring,timestamp,"1094072160",s,current_activity_type_intensity,"8",,activity_type,"8",,intensity,"0.0",,,,,,,,,,,,,,
Data,6,stress_level,stress_level_time,"1094072220",s,stress_level_value,"77",,unknown,"-69",,unknown,"5",,unknown,"1",,,,,,,,,,,
Data,7,respiration_rate,timestamp,"1094072220",,respiration_rate,"14.14",breaths/min,,,,,,,,,,,,,,,,,,,
Data,0,monitoring,timestamp_16,"14236",s,heart_rate,"85",bpm,,,,,,,,,,,,,,,,,,,
Data,2,unknown,unknown,"10|0|0|24",,,,,,,,,,,,,,,,,,,,,,,
Data,1,monitoring,timestamp,"1094072220",s,current_activity_type_intensity,"72",,activity_type,"8",,intensity,"2.0",,,,,,,,,,,,,,
Data,6,stress_level,stress_level_time,"1094072280",s,stress_level_value,"69",,unknown,"-58",,unknown,"5",,unknown,"1",,,,,,,,,,,
Data,7,respiration_rate,timestamp,"1094072280",,respiration_rate,"13.13",breaths/min,,,,,,,,,,,,,,,,,,,
Data,2,unknown,unknown,"10|64|3|32",,,,,,,,,,,,,,,,,,,,,,,
Data,6,stress_level,stress_level_time,"1094072340",s,stress_level_value,"65",,unknown,"-53",,unknown,"5",,unknown,"1",,,,,,,,,,,
Data,7,respiration_rate,timestamp,"1094072340",,respiration_rate,"13.81",breaths/min,,,,,,,,,,,,,,,,,,,
Data,0,monitoring,timestamp_16,"14356",s,heart_rate,"80",bpm,,,,,,,,,,,,,,,,,,,
Data,2,unknown,unknown,"12|100|1|176",,,,,,,,,,,,,,,,,,,,,,,
Data,1,monitoring,timestamp,"1094072340",s,current_activity_type_intensity,"8",,activity_type,"8",,intensity,"0.0",,,,,,,,,,,,,,
Data,6,stress_level,stress_level_time,"1094072400",s,stress_level_value,"48",,unknown,"-31",,unknown,"5",,unknown,"1",,,,,,,,,,,
Data,7,respiration_rate,timestamp,"1094072400",,respiration_rate,"15.22",breaths/min,,,,,,,,,,,,,,,,,,,
Data,0,monitoring,timestamp_16,"14416",s,heart_rate,"84",bpm,,,,,,,,,,,,,,,,,,,
Data,2,unknown,unknown,"12|0|4|240",,,,,,,,,,,,,,,,,,,,,,,
Data,5,event,timestamp,"1094072460",s,auto_activity_detect_start_timestamp,"1094071020",s,data16,"9",,event,"54",,event_type,"3",,activity_type,"0",,auto_activity_detect_duration,"9",,,,,
Data,6,stress_level,stress_level_time,"1094072460",s,stress_level_value,"75",,unknown,"-67",,unknown,"5",,unknown,"1",,,,,,,,,,,
Data,7,respiration_rate,timestamp,"1094072460",,respiration_rate,"14.74",breaths/min,,,,,,,,,,,,,,,,,,,
Data,0,monitoring,timestamp_16,"14476",s,heart_rate,"90",bpm,,,,,,,,,,,,,,,,,,,
Data,2,unknown,unknown,"4|2|0|40",,,,,,,,,,,,,,,,,,,,,,,
Data,5,event,timestamp,"1094072520",s,auto_activity_detect_start_timestamp,"1094071560",s,data16,"1",,event,"54",,event_type,"3",,activity_type,"8",,auto_activity_detect_duration,"1",,,,,
Data,6,stress_level,stress_level_time,"1094072520",s,stress_level_value,"78",,unknown,"-70",,unknown,"5",,unknown,"1",,,,,,,,,,,
Data,7,respiration_rate,timestamp,"1094072520",,respiration_rate,"14.03",breaths/min,,,,,,,,,,,,,,,,,,,
Data,0,monitoring,timestamp_16,"14536",s,heart_rate,"92",bpm,,,,,,,,,,,,,,,,,,,
Data,2,unknown,unknown,"0|0|0|48",,,,,,,,,,,,,,,,,,,,,,,
Data,5,event,timestamp,"1094072580",s,auto_activity_detect_start_timestamp,"1094071620",s,data16,"1",,event,"54",,event_type,"3",,activity_type,"0",,auto_activity_detect_duration,"1",,,,,
Data,1,monitoring,timestamp,"1094072520",s,current_activity_type_intensity,"104",,activity_type,"8",,intensity,"3.0",,,,,,,,,,,,,,
Data,6,stress_level,stress_level_time,"1094072580",s,stress_level_value,"52",,unknown,"-36",,unknown,"5",,unknown,"1",,,,,,,,,,,
Data,7,respiration_rate,timestamp,"1094072580",,respiration_rate,"14.24",breaths/min,,,,,,,,,,,,,,,,,,,
Data,0,monitoring,timestamp_16,"14596",s,heart_rate,"80",bpm,,,,,,,,,,,,,,,,,,,
Data,2,unknown,unknown,"0|0|0|56",,,,,,,,,,,,,,,,,,,,,,,
Data,1,monitoring,timestamp,"1094072580",s,current_activity_type_intensity,"8",,activity_type,"8",,intensity,"0.0",,,,,,,,,,,,,,
Data,6,stress_level,stress_level_time,"1094072640",s,stress_level_value,"37",,unknown,"-16",,unknown,"5",,unknown,"1",,,,,,,,,,,
Data,7,respiration_rate,timestamp,"1094072640",,respiration_rate,"14.12",breaths/min,,,,,,,,,,,,,,,,,,,
Data,0,monitoring,timestamp_16,"14656",s,heart_rate,"74",bpm,,,,,,,,,,,,,,,,,,,
Data,2,unknown,unknown,"0|0|0|64",,,,,,,,,,,,,,,,,,,,,,,
Data,6,stress_level,stress_level_time,"1094072700",s,stress_level_value,"31",,unknown,"-8",,unknown,"5",,unknown,"1",,,,,,,,,,,
Data,7,respiration_rate,timestamp,"1094072700",,respiration_rate,"13.82",breaths/min,,,,,,,,,,,,,,,,,,,
Data,0,monitoring,timestamp_16,"14716",s,heart_rate,"76",bpm,,,,,,,,,,,,,,,,,,,
Data,2,unknown,unknown,"0|0|0|72",,,,,,,,,,,,,,,,,,,,,,,
Data,6,stress_level,stress_level_time,"1094072760",s,stress_level_value,"39",,unknown,"-18",,unknown,"5",,unknown,"1",,,,,,,,,,,
Data,7,respiration_rate,timestamp,"1094072760",,respiration_rate,"14.35",breaths/min,,,,,,,,,,,,,,,,,,,
Data,0,monitoring,timestamp_16,"14776",s,heart_rate,"82",bpm,,,,,,,,,,,,,,,,,,,
Data,2,unknown,unknown,"0|0|0|80",,,,,,,,,,,,,,,,,,,,,,,
Data,1,monitoring,timestamp,"1094072760",s,current_activity_type_intensity,"72",,activity_type,"8",,intensity,"2.0",,,,,,,,,,,,,,
Data,6,stress_level,stress_level_time,"1094072820",s,stress_level_value,"35",,unknown,"-13",,unknown,"5",,unknown,"1",,,,,,,,,,,
Data,7,respiration_rate,timestamp,"1094072820",,respiration_rate,"14.38",breaths/min,,,,,,,,,,,,,,,,,,,
Data,0,monitoring,timestamp_16,"14836",s,heart_rate,"74",bpm,,,,,,,,,,,,,,,,,,,
Data,2,unknown,unknown,"29|2|0|0",,,,,,,,,,,,,,,,,,,,,,,
Data,6,stress_level,stress_level_time,"1094072880",s,stress_level_value,"55",,unknown,"-40",,unknown,"5",,unknown,"1",,,,,,,,,,,
Data,7,respiration_rate,timestamp,"1094072880",,respiration_rate,"14.34",breaths/min,,,,,,,,,,,,,,,,,,,
Data,0,monitoring,timestamp_16,"14896",s,heart_rate,"77",bpm,,,,,,,,,,,,,,,,,,,
Data,2,unknown,unknown,"6|68|1|176",,,,,,,,,,,,,,,,,,,,,,,
Data,1,monitoring,timestamp,"1094072880",s,current_activity_type_intensity,"8",,activity_type,"8",,intensity,"0.0",,,,,,,,,,,,,,
Data,6,stress_level,stress_level_time,"1094072940",s,stress_level_value,"33",,unknown,"-11",,unknown,"5",,unknown,"1",,,,,,,,,,,
Data,7,respiration_rate,timestamp,"1094072940",,respiration_rate,"15.17",breaths/min,,,,,,,,,,,,,,,,,,,
Data,0,monitoring,timestamp_16,"14956",s,heart_rate,"76",bpm,,,,,,,,,,,,,,,,,,,
Data,2,unknown,unknown,"2|64|38|8",,,,,,,,,,,,,,,,,,,,,,,
Data,1,monitoring,timestamp,"1094072940",s,current_activity_type_intensity,"40",,activity_type,"8",,intensity,"1.0",,,,,,,,,,,,,,
Data,6,stress_level,stress_level_time,"1094073000",s,stress_level_value,"42",,unknown,"-22",,unknown,"5",,unknown,"1",,,,,,,,,,,
Data,7,respiration_rate,timestamp,"1094073000",,respiration_rate,"14.63",breaths/min,,,,,,,,,,,,,,,,,,,
Data,0,monitoring,timestamp_16,"15016",s,heart_rate,"79",bpm,,,,,,,,,,,,,,,,,,,
Data,2,unknown,unknown,"10|0|4|240",,,,,,,,,,,,,,,,,,,,,,,
Data,1,monitoring,timestamp,"1094073000",s,current_activity_type_intensity,"8",,activity_type,"8",,intensity,"0.0",,,,,,,,,,,,,,
Data,6,stress_level,stress_level_time,"1094073060",s,stress_level_value,"45",,unknown,"-27",,unknown,"5",,unknown,"1",,,,,,,,,,,
Data,7,respiration_rate,timestamp,"1094073060",,respiration_rate,"14.11",breaths/min,,,,,,,,,,,,,,,,,,,
Data,0,monitoring,timestamp_16,"15076",s,heart_rate,"81",bpm,,,,,,,,,,,,,,,,,,,
Data,2,unknown,unknown,"88|12|8|16",,,,,,,,,,,,,,,,,,,,,,,
Data,6,stress_level,stress_level_time,"1094073120",s,stress_level_value,"72",,unknown,"-63",,unknown,"5",,unknown,"1",,,,,,,,,,,
Data,7,respiration_rate,timestamp,"1094073120",,respiration_rate,"13.84",breaths/min,,,,,,,,,,,,,,,,,,,
Data,2,unknown,unknown,"10|0|0|24",,,,,,,,,,,,,,,,,,,,,,,
Data,6,stress_level,stress_level_time,"1094073180",s,stress_level_value,"42",,unknown,"-23",,unknown,"5",,unknown,"1",,,,,,,,,,,
Data,7,respiration_rate,timestamp,"1094073180",,respiration_rate,"13.51",breaths/min,,,,,,,,,,,,,,,,,,,
Data,0,monitoring,timestamp_16,"15196",s,heart_rate,"75",bpm,,,,,,,,,,,,,,,,,,,
Data,2,unknown,unknown,"10|64|3|32",,,,,,,,,,,,,,,,,,,,,,,
Data,6,stress_level,stress_level_time,"1094073240",s,stress_level_value,"39",,unknown,"-18",,unknown,"5",,unknown,"1",,,,,,,,,,,
Data,7,respiration_rate,timestamp,"1094073240",,respiration_rate,"12.93",breaths/min,,,,,,,,,,,,,,,,,,,
Data,0,monitoring,timestamp_16,"15256",s,heart_rate,"78",bpm,,,,,,,,,,,,,,,,,,,
Data,2,unknown,unknown,"4|2|0|40",,,,,,,,,,,,,,,,,,,,,,,
Data,5,event,timestamp,"1094073300",s,auto_activity_detect_start_timestamp,"1094071680",s,data16,"12",,event,"54",,event_type,"3",,activity_type,"8",,auto_activity_detect_duration,"12",,,,,
Data,6,stress_level,stress_level_time,"1094073300",s,stress_level_value,"51",,unknown,"-34",,unknown,"5",,unknown,"1",,,,,,,,,,,
Data,7,respiration_rate,timestamp,"1094073300",,respiration_rate,"13.83",breaths/min,,,,,,,,,,,,,,,,,,,
Data,2,unknown,unknown,"0|0|0|48",,,,,,,,,,,,,,,,,,,,,,,
Data,5,event,timestamp,"1094073360",s,auto_activity_detect_start_timestamp,"1094072400",s,data16,"1",,event,"54",,event_type,"3",,activity_type,"0",,auto_activity_detect_duration,"1",,,,,
Data,6,stress_level,stress_level_time,"1094073360",s,stress_level_value,"36",,unknown,"-14",,unknown,"5",,unknown,"1",,,,,,,,,,,
Data,7,respiration_rate,timestamp,"1094073360",,respiration_rate,"13.96",breaths/min,,,,,,,,,,,,,,,,,,,
Data,0,monitoring,timestamp_16,"15376",s,heart_rate,"75",bpm,,,,,,,,,,,,,,,,,,,
Data,2,unknown,unknown,"4|32|1|176",,,,,,,,,,,,,,,,,,,,,,,
Data,6,stress_level,stress_level_time,"1094073420",s,stress_level_value,"48",,unknown,"-30",,unknown,"5",,unknown,"1",,,,,,,,,,,
Data,7,respiration_rate,timestamp,"1094073420",,respiration_rate,"13.69",breaths/min,,,,,,,,,,,,,,,,,,,
Data,0,monitoring,timestamp_16,"15436",s,heart_rate,"73",bpm,,,,,,,,,,,,,,,,,,,
Data,2,unknown,unknown,"34|0|0|248",,,,,,,,,,,,,,,,,,,,,,,
Data,6,stress_level,stress_level_time,"1094073480",s,stress_level_value,"63",,unknown,"-51",,unknown,"5",,unknown,"1",,,,,,,,,,,
Data,7,respiration_rate,timestamp,"1094073480",,respiration_rate,"13.57",breaths/min,,,,,,,,,,,,,,,,,,,
Data,0,monitoring,timestamp_16,"15496",s,heart_rate,"80",bpm,,,,,,,,,,,,,,,,,,,
Data,2,unknown,unknown,"20|0|0|248",,,,,,,,,,,,,,,,,,,,,,,
Data,1,monitoring,timestamp,"1094073480",s,current_activity_type_intensity,"104",,activity_type,"8",,intensity,"3.0",,,,,,,,,,,,,,
Data,6,stress_level,stress_level_time,"1094073540",s,stress_level_value,"42",,unknown,"-22",,unknown,"5",,unknown,"1",,,,,,,,,,,
Data,7,respiration_rate,timestamp,"1094073540",,respiration_rate,"13.03",breaths/min,,,,,,,,,,,,,,,,,,,
Data,0,monitoring,timestamp_16,"15556",s,heart_rate,"71",bpm,,,,,,,,,,,,,,,,,,,
Data,2,unknown,unknown,"0|0|0|56",,,,,,,,,,,,,,,,,,,,,,,
Data,1,monitoring,timestamp,"1094073540",s,current_activity_type_intensity,"8",,activity_type,"8",,intensity,"0.0",,,,,,,,,,,,,,
Data,6,stress_level,stress_level_time,"1094073600",s,stress_level_value,"30",,unknown,"-7",,unknown,"5",,unknown,"1",,,,,,,,,,,
Data,7,respiration_rate,timestamp,"1094073600",,respiration_rate,"14.18",breaths/min,,,,,,,,,,,,,,,,,,,
Data,0,monitoring,timestamp_16,"15616",s,heart_rate,"72",bpm,,,,,,,,,,,,,,,,,,,
Data,2,unknown,unknown,"10|0|4|240",,,,,,,,,,,,,,,,,,,,,,,
Data,6,stress_level,stress_level_time,"1094073660",s,stress_level_value,"43",,unknown,"-24",,unknown,"5",,unknown,"1",,,,,,,,,,,
Data,7,respiration_rate,timestamp,"1094073660",,respiration_rate,"13.97",breaths/min,,,,,,,,,,,,,,,,,,,
Data,0,monitoring,timestamp_16,"15676",s,heart_rate,"74",bpm,,,,,,,,,,,,,,,,,,,
Data,2,unknown,unknown,"0|0|0|64",,,,,,,,,,,,,,,,,,,,,,,
Data,1,monitoring,timestamp,"1094073660",s,current_activity_type_intensity,"104",,activity_type,"8",,intensity,"3.0",,,,,,,,,,,,,,
Data,6,stress_level,stress_level_time,"1094073720",s,stress_level_value,"31",,unknown,"-8",,unknown,"5",,unknown,"1",,,,,,,,,,,
Data,7,respiration_rate,timestamp,"1094073720",,respiration_rate,"13.17",breaths/min,,,,,,,,,,,,,,,,,,,
Data,0,monitoring,timestamp_16,"15736",s,heart_rate,"72",bpm,,,,,,,,,,,,,,,,,,,
Data,2,unknown,unknown,"0|0|0|72",,,,,,,,,,,,,,,,,,,,,,,
Data,6,stress_level,stress_level_time,"1094073780",s,stress_level_value,"44",,unknown,"-25",,unknown,"5",,unknown,"1",,,,,,,,,,,
Data,7,respiration_rate,timestamp,"1094073780",,respiration_rate,"14.09",breaths/min,,,,,,,,,,,,,,,,,,,
Data,0,monitoring,timestamp_16,"15796",s,heart_rate,"74",bpm,,,,,,,,,,,,,,,,,,,
Data,2,unknown,unknown,"0|0|0|80",,,,,,,,,,,,,,,,,,,,,,,
Data,6,stress_level,stress_level_time,"1094073840",s,stress_level_value,"28",,unknown,"-4",,unknown,"5",,unknown,"1",,,,,,,,,,,
Data,7,respiration_rate,timestamp,"1094073840",,respiration_rate,"14.53",breaths/min,,,,,,,,,,,,,,,,,,,
Data,0,monitoring,timestamp_16,"15856",s,heart_rate,"71",bpm,,,,,,,,,,,,,,,,,,,
Data,2,unknown,unknown,"29|2|0|0",,,,,,,,,,,,,,,,,,,,,,,
Data,1,monitoring,timestamp,"1094073840",s,current_activity_type_intensity,"8",,activity_type,"8",,intensity,"0.0",,,,,,,,,,,,,,
Data,7,respiration_rate,timestamp,"1094073900",,respiration_rate,"15.46",breaths/min,,,,,,,,,,,,,,,,,,,
Data,0,monitoring,timestamp_16,"15916",s,heart_rate,"70",bpm,,,,,,,,,,,,,,,,,,,
Data,2,unknown,unknown,"8|20|1|176",,,,,,,,,,,,,,,,,,,,,,,
Data,6,stress_level,stress_level_time,"1094073960",s,stress_level_value,"49",,unknown,"-32",,unknown,"5",,unknown,"1",,,,,,,,,,,
Data,7,respiration_rate,timestamp,"1094073960",,respiration_rate,"16.27",breaths/min,,,,,,,,,,,,,,,,,,,
Data,0,monitoring,timestamp_16,"15976",s,heart_rate,"78",bpm,,,,,,,,,,,,,,,,,,,
Data,2,unknown,unknown,"2|64|38|8",,,,,,,,,,,,,,,,,,,,,,,
Data,6,stress_level,stress_level_time,"1094074020",s,stress_level_value,"35",,unknown,"-13",,unknown,"5",,unknown,"1",,,,,,,,,,,
Data,7,respiration_rate,timestamp,"1094074020",,respiration_rate,"16.06",breaths/min,,,,,,,,,,,,,,,,,,,
Data,0,monitoring,timestamp_16,"16036",s,heart_rate,"72",bpm,,,,,,,,,,,,,,,,,,,
Data,2,unknown,unknown,"88|204|7|16",,,,,,,,,,,,,,,,,,,,,,,
Data,6,stress_level,stress_level_time,"1094074080",s,stress_level_value,"29",,unknown,"-5",,unknown,"5",,unknown,"1",,,,,,,,,,,
Data,7,respiration_rate,timestamp,"1094074080",,respiration_rate,"15.8",breaths/min,,,,,,,,,,,,,,,,,,,
Data,0,monitoring,timestamp_16,"16096",s,heart_rate,"69",bpm,,,,,,,,,,,,,,,,,,,
Data,2,unknown,unknown,"10|0|0|24",,,,,,,,,,,,,,,,,,,,,,,
Data,6,stress_level,stress_level_time,"1094074140",s,stress_level_value,"35",,unknown,"-13",,unknown,"5",,unknown,"1",,,,,,,,,,,
Data,7,respiration_rate,timestamp,"1094074140",,respiration_rate,"15.8",breaths/min,,,,,,,,,,,,,,,,,,,
Data,0,monitoring,timestamp_16,"16156",s,heart_rate,"71",bpm,,,,,,,,,,,,,,,,,,,
Data,2,unknown,unknown,"10|64|3|32",,,,,,,,,,,,,,,,,,,,,,,
Data,6,stress_level,stress_level_time,"1094074200",s,stress_level_value,"25",,unknown,"0",,unknown,"5",,unknown,"1",,,,,,,,,,,
Data,7,respiration_rate,timestamp,"1094074200",,respiration_rate,"15.23",breaths/min,,,,,,,,,,,,,,,,,,,
Data,0,monitoring,timestamp_16,"16216",s,heart_rate,"68",bpm,,,,,,,,,,,,,,,,,,,
Data,2,unknown,unknown,"12|0|4|240",,,,,,,,,,,,,,,,,,,,,,,
Data,5,event,timestamp,"1094074260",s,auto_activity_detect_start_timestamp,"1094072460",s,data16,"15",,event,"54",,event_type,"3",,activity_type,"8",,auto_activity_detect_duration,"15",,,,,
Data,1,monitoring,timestamp,"1094074200",s,current_activity_type_intensity,"136",,activity_type,"8",,intensity,"4.0",,,,,,,,,,,,,,
Data,6,stress_level,stress_level_time,"1094074260",s,stress_level_value,"32",,unknown,"-9",,unknown,"5",,unknown,"1",,,,,,,,,,,
Data,7,respiration_rate,timestamp,"1094074260",,respiration_rate,"14.73",breaths/min,,,,,,,,,,,,,,,,,,,
Data,0,monitoring,timestamp_16,"16276",s,heart_rate,"70",bpm,,,,,,,,,,,,,,,,,,,
Data,2,unknown,unknown,"4|2|0|40",,,,,,,,,,,,,,,,,,,,,,,
Data,5,event,timestamp,"1094074320",s,auto_activity_detect_start_timestamp,"1094073360",s,data16,"1",,event,"54",,event_type,"3",,activity_type,"0",,auto_activity_detect_duration,"1",,,,,
Data,1,monitoring,timestamp,"1094074260",s,current_activity_type_intensity,"8",,activity_type,"8",,intensity,"0.0",,,,,,,,,,,,,,
Data,6,stress_level,stress_level_time,"1094074320",s,stress_level_value,"51",,unknown,"-35",,unknown,"5",,unknown,"1",,,,,,,,,,,
Data,7,respiration_rate,timestamp,"1094074320",,respiration_rate,"15.14",breaths/min,,,,,,,,,,,,,,,,,,,
Data,0,monitoring,timestamp_16,"16336",s,heart_rate,"73",bpm,,,,,,,,,,,,,,,,,,,
Data,2,unknown,unknown,"0|0|0|48",,,,,,,,,,,,,,,,,,,,,,,
Data,6,stress_level,stress_level_time,"1094074380",s,stress_level_value,"41",,unknown,"-21",,unknown,"5",,unknown,"1",,,,,,,,,,,
Data,7,respiration_rate,timestamp,"1094074380",,respiration_rate,"14.49",breaths/min,,,,,,,,,,,,,,,,,,,
Data,0,monitoring,timestamp_16,"16396",s,heart_rate,"72",bpm,,,,,,,,,,,,,,,,,,,
Data,2,unknown,unknown,"18|8|1|176",,,,,,,,,,,,,,,,,,,,,,,
Data,6,stress_level,stress_level_time,"1094074440",s,stress_level_value,"25",,unknown,"0",,unknown,"5",,unknown,"1",,,,,,,,,,,
Data,7,respiration_rate,timestamp,"1094074440",,respiration_rate,"13.74",breaths/min,,,,,,,,,,,,,,,,,,,
Data,0,monitoring,timestamp_16,"16456",s,heart_rate,"68",bpm,,,,,,,,,,,,,,,,,,,
Data,2,unknown,unknown,"0|0|0|56",,,,,,,,,,,,,,,,,,,,,,,
Data,6,stress_level,stress_level_time,"1094074500",s,stress_level_value,"52",,unknown,"-36",,unknown,"5",,unknown,"1",,,,,,,,,,,
Data,7,respiration_rate,timestamp,"1094074500",,respiration_rate,"14.84",breaths/min,,,,,,,,,,,,,,,,,,,
Data,0,monitoring,timestamp_16,"16516",s,heart_rate,"77",bpm,,,,,,,,,,,,,,,,,,,
Data,2,unknown,unknown,"0|0|0|64",,,,,,,,,,,,,,,,,,,,,,,
Data,1,monitoring,timestamp,"1094074500",s,current_activity_type_intensity,"104",,activity_type,"8",,intensity,"3.0",,,,,,,,,,,,,,
Data,6,stress_level,stress_level_time,"1094074560",s,stress_level_value,"24",,unknown,"4",,unknown,"5",,unknown,"1",,,,,,,,,,,
Data,7,respiration_rate,timestamp,"1094074560",,respiration_rate,"14.73",breaths/min,,,,,,,,,,,,,,,,,,,
Data,0,monitoring,timestamp_16,"16576",s,heart_rate,"73",bpm,,,,,,,,,,,,,,,,,,,
Data,2,unknown,unknown,"0|0|0|72",,,,,,,,,,,,,,,,,,,,,,,
Data,6,stress_level,stress_level_time,"1094074620",s,stress_level_value,"25",,unknown,"1",,unknown,"5",,unknown,"1",,,,,,,,,,,
Data,7,respiration_rate,timestamp,"1094074620",,respiration_rate,"13.93",breaths/min,,,,,,,,,,,,,,,,,,,
Data,0,monitoring,timestamp_16,"16636",s,heart_rate,"68",bpm,,,,,,,,,,,,,,,,,,,
Data,2,unknown,unknown,"0|0|0|80",,,,,,,,,,,,,,,,,,,,,,,
Data,1,monitoring,timestamp,"1094074620",s,current_activity_type_intensity,"8",,activity_type,"8",,intensity,"0.0",,,,,,,,,,,,,,
Data,6,stress_level,stress_level_time,"1094074680",s,stress_level_value,"24",,unknown,"2",,unknown,"5",,unknown,"1",,,,,,,,,,,
Data,7,respiration_rate,timestamp,"1094074680",,respiration_rate,"13.48",breaths/min,,,,,,,,,,,,,,,,,,,
Data,0,monitoring,timestamp_16,"16696",s,heart_rate,"72",bpm,,,,,,,,,,,,,,,,,,,
Data,2,unknown,unknown,"29|2|0|0",,,,,,,,,,,,,,,,,,,,,,,
Data,5,event,timestamp,"1094074740",s,auto_activity_detect_start_timestamp,"1094073420",s,data16,"7",,event,"54",,event_type,"3",,activity_type,"8",,auto_activity_detect_duration,"7",,,,,
Data,1,monitoring,timestamp,"1094074680",s,current_activity_type_intensity,"72",,activity_type,"8",,intensity,"2.0",,,,,,,,,,,,,,
Data,6,stress_level,stress_level_time,"1094074740",s,stress_level_value,"16",,unknown,"37",,unknown,"5",,unknown,"1",,,,,,,,,,,
Data,7,respiration_rate,timestamp,"1094074740",,respiration_rate,"12.59",breaths/min,,,,,,,,,,,,,,,,,,,
Data,0,monitoring,timestamp_16,"16756",s,heart_rate,"66",bpm,,,,,,,,,,,,,,,,,,,
Data,2,unknown,unknown,"2|64|38|8",,,,,,,,,,,,,,,,,,,,,,,
Data,5,event,timestamp,"1094074800",s,auto_activity_detect_start_timestamp,"1094073840",s,data16,"1",,event,"54",,event_type,"3",,activity_type,"0",,auto_activity_detect_duration,"1",,,,,
Data,6,stress_level,stress_level_time,"1094074800",s,stress_level_value,"19",,unknown,"24",,unknown,"5",,unknown,"1",,,,,,,,,,,
Data,7,respiration_rate,timestamp,"1094074800",,respiration_rate,"12.31",breaths/min,,,,,,,,,,,,,,,,,,,
Data,1,monitoring,timestamp,"1094074800",s,current_activity_type_intensity,"8",,activity_type,"8",,intensity,"0.0",,,,,,,,,,,,,,
Data,2,unknown,unknown,"10|0|4|240",,,,,,,,,,,,,,,,,,,,,,,
Data,6,stress_level,stress_level_time,"1094074860",s,stress_level_value,"24",,unknown,"4",,unknown,"5",,unknown,"1",,,,,,,,,,,
Data,7,respiration_rate,timestamp,"1094074860",,respiration_rate,"13.19",breaths/min,,,,,,,,,,,,,,,,,,,
Data,0,monitoring,timestamp_16,"16876",s,heart_rate,"72",bpm,,,,,,,,,,,,,,,,,,,
Data,2,unknown,unknown,"24|204|7|16",,,,,,,,,,,,,,,,,,,,,,,
Data,5,event,timestamp,"1094074920",s,auto_activity_detect_start_timestamp,"1094073900",s,data16,"2",,event,"54",,event_type,"3",,activity_type,"8",,auto_activity_detect_duration,"2",,,,,
Data,6,stress_level,stress_level_time,"1094074920",s,stress_level_value,"24",,unknown,"2",,unknown,"5",,unknown,"1",,,,,,,,,,,
Data,7,respiration_rate,timestamp,"1094074920",,respiration_rate,"13.03",breaths/min,,,,,,,,,,,,,,,,,,,
Data,0,monitoring,timestamp_16,"16936",s,heart_rate,"68",bpm,,,,,,,,,,,,,,,,,,,
Data,2,unknown,unknown,"4|12|1|176",,,,,,,,,,,,,,,,,,,,,,,
Data,5,event,timestamp,"1094074980",s,auto_activity_detect_start_timestamp,"1094074020",s,data16,"1",,event,"54",,event_type,"3",,activity_type,"0",,auto_activity_detect_duration,"1",,,,,
Data,6,stress_level,stress_level_time,"1094074980",s,stress_level_value,"25",,unknown,"0",,unknown,"5",,unknown,"1",,,,,,,,,,,
Data,7,respiration_rate,timestamp,"1094074980",,respiration_rate,"12.95",breaths/min,,,,,,,,,,,,,,,,,,,
Data,0,monitoring,timestamp_16,"16996",s,heart_rate,"67",bpm,,,,,,,,,,,,,,,,,,,
Data,2,unknown,unknown,"10|0|0|24",,,,,,,,,,,,,,,,,,,,,,,
Data,6,stress_level,stress_level_time,"1094075040",s,stress_level_value,"23",,unknown,"6",,unknown,"5",,unknown,"1",,,,,,,,,,,
Data,7,respiration_rate,timestamp,"1094075040",,respiration_rate,"12.6",breaths/min,,,,,,,,,,,,,,,,,,,
Data,0,monitoring,timestamp_16,"17056",s,heart_rate,"68",bpm,,,,,,,,,,,,,,,,,,,
Data,2,unknown,unknown,"10|64|3|32",,,,,,,,,,,,,,,,,,,,,,,
Data,6,stress_level,stress_level_time,"1094075100",s,stress_level_value,"21",,unknown,"16",,unknown,"5",,unknown,"1",,,,,,,,,,,
Data,7,respiration_rate,timestamp,"1094075100",,respiration_rate,"12.49",breaths/min,,,,,,,,,,,,,,,,,,,
Data,0,monitoring,timestamp_16,"17116",s,heart_rate,"66",bpm,,,,,,,,,,,,,,,,,,,
Data,2,unknown,unknown,"4|2|0|40",,,,,,,,,,,,,,,,,,,,,,,
Data,6,stress_level,stress_level_time,"1094075160",s,stress_level_value,"21",,unknown,"14",,unknown,"5",,unknown,"1",,,,,,,,,,,
Data,7,respiration_rate,timestamp,"1094075160",,respiration_rate,"13.41",breaths/min,,,,,,,,,,,,,,,,,,,
Data,0,monitoring,timestamp_16,"17176",s,heart_rate,"65",bpm,,,,,,,,,,,,,,,,,,,
Data,2,unknown,unknown,"0|0|0|48",,,,,,,,,,,,,,,,,,,,,,,
Data,6,stress_level,stress_level_time,"1094075220",s,stress_level_value,"21",,unknown,"14",,unknown,"5",,unknown,"1",,,,,,,,,,,
Data,7,respiration_rate,timestamp,"1094075220",,respiration_rate,"14.02",breaths/min,,,,,,,,,,,,,,,,,,,
Data,0,monitoring,timestamp_16,"17236",s,heart_rate,"66",bpm,,,,,,,,,,,,,,,,,,,
Data,2,unknown,unknown,"0|0|0|56",,,,,,,,,,,,,,,,,,,,,,,
Data,5,event,timestamp,"1094075280",s,auto_activity_detect_start_timestamp,"1094074080",s,data16,"5",,event,"54",,event_type,"3",,activity_type,"8",,auto_activity_detect_duration,"5",,,,,
Data,6,stress_level,stress_level_time,"1094075280",s,stress_level_value,"21",,unknown,"16",,unknown,"5",,unknown,"1",,,,,,,,,,,
Data,7,respiration_rate,timestamp,"1094075280",,respiration_rate,"13.51",breaths/min,,,,,,,,,,,,,,,,,,,
Data,2,unknown,unknown,"0|0|0|64",,,,,,,,,,,,,,,,,,,,,,,
Data,5,event,timestamp,"1094075340",s,auto_activity_detect_start_timestamp,"1094074380",s,data16,"1",,event,"54",,event_type,"3",,activity_type,"0",,auto_activity_detect_duration,"1",,,,,
Data,6,stress_level,stress_level_time,"1094075340",s,stress_level_value,"17",,unknown,"32",,unknown,"5",,unknown,"1",,,,,,,,,,,
Data,7,respiration_rate,timestamp,"1094075340",,respiration_rate,"13.42",breaths/min,,,,,,,,,,,,,,,,,,,
Data,0,monitoring,timestamp_16,"17356",s,heart_rate,"65",bpm,,,,,,,,,,,,,,,,,,,
Data,2,unknown,unknown,"0|0|0|72",,,,,,,,,,,,,,,,,,,,,,,
Data,6,stress_level,stress_level_time,"1094075400",s,stress_level_value,"15",,unknown,"38",,unknown,"5",,unknown,"1",,,,,,,,,,,
Data,7,respiration_rate,timestamp,"1094075400",,respiration_rate,"14.1",breaths/min,,,,,,,,,,,,,,,,,,,
Data,2,unknown,unknown,"10|0|4|240",,,,,,,,,,,,,,,,,,,,,,,
Data,6,stress_level,stress_level_time,"1094075460",s,stress_level_value,"19",,unknown,"23",,unknown,"5",,unknown,"1",,,,,,,,,,,
Data,7,respiration_rate,timestamp,"1094075460",,respiration_rate,"14.02",breaths/min,,,,,,,,,,,,,,,,,,,
Data,0,monitoring,timestamp_16,"17476",s,heart_rate,"66",bpm,,,,,,,,,,,,,,,,,,,
Data,2,unknown,unknown,"6|252|0|176",,,,,,,,,,,,,,,,,,,,,,,
Data,6,stress_level,stress_level_time,"1094075520",s,stress_level_value,"12",,unknown,"51",,unknown,"5",,unknown,"1",,,,,,,,,,,
Data,7,respiration_rate,timestamp,"1094075520",,respiration_rate,"13.35",breaths/min,,,,,,,,,,,,,,,,,,,
Data,0,monitoring,timestamp_16,"17536",s,heart_rate,"63",bpm,,,,,,,,,,,,,,,,,,,
Data,2,unknown,unknown,"0|0|0|80",,,,,,,,,,,,,,,,,,,,,,,
Data,6,stress_level,stress_level_time,"1094075580",s,stress_level_value,"14",,unknown,"42",,unknown,"5",,unknown,"1",,,,,,,,,,,
Data,7,respiration_rate,timestamp,"1094075580",,respiration_rate,"13.5",breaths/min,,,,,,,,,,,,,,,,,,,
Data,0,monitoring,timestamp_16,"17596",s,heart_rate,"65",bpm,,,,,,,,,,,,,,,,,,,
Data,2,unknown,unknown,"29|2|0|0",,,,,,,,,,,,,,,,,,,,,,,
Data,6,stress_level,stress_level_time,"1094075640",s,stress_level_value,"18",,unknown,"29",,unknown,"5",,unknown,"1",,,,,,,,,,,
Data,7,respiration_rate,timestamp,"1094075640",,respiration_rate,"12.79",breaths/min,,,,,,,,,,,,,,,,,,,
Data,0,monitoring,timestamp_16,"17656",s,heart_rate,"66",bpm,,,,,,,,,,,,,,,,,,,
Data,2,unknown,unknown,"2|64|38|8",,,,,,,,,,,,,,,,,,,,,,,
Data,6,stress_level,stress_level_time,"1094075700",s,stress_level_value,"16",,unknown,"35",,unknown,"5",,unknown,"1",,,,,,,,,,,
Data,7,respiration_rate,timestamp,"1094075700",,respiration_rate,"12.88",breaths/min,,,,,,,,,,,,,,,,,,,
Data,0,monitoring,timestamp_16,"17716",s,heart_rate,"67",bpm,,,,,,,,,,,,,,,,,,,
Data,2,unknown,unknown,"24|204|7|16",,,,,,,,,,,,,,,,,,,,,,,
Data,6,stress_level,stress_level_time,"1094075760",s,stress_level_value,"21",,unknown,"15",,unknown,"5",,unknown,"1",,,,,,,,,,,
Data,7,respiration_rate,timestamp,"1094075760",,respiration_rate,"13.0",breaths/min,,,,,,,,,,,,,,,,,,,
Data,2,unknown,unknown,"10|0|0|24",,,,,,,,,,,,,,,,,,,,,,,
Data,6,stress_level,stress_level_time,"1094075820",s,stress_level_value,"17",,unknown,"31",,unknown,"5",,unknown,"1",,,,,,,,,,,
Data,7,respiration_rate,timestamp,"1094075820",,respiration_rate,"13.08",breaths/min,,,,,,,,,,,,,,,,,,,
Data,0,monitoring,timestamp_16,"17836",s,heart_rate,"64",bpm,,,,,,,,,,,,,,,,,,,
Data,2,unknown,unknown,"10|64|3|32",,,,,,,,,,,,,,,,,,,,,,,
Data,6,stress_level,stress_level_time,"1094075880",s,stress_level_value,"17",,unknown,"33",,unknown,"5",,unknown,"1",,,,,,,,,,,
Data,7,respiration_rate,timestamp,"1094075880",,respiration_rate,"13.04",breaths/min,,,,,,,,,,,,,,,,,,,
Data,0,monitoring,timestamp_16,"17896",s,heart_rate,"62",bpm,,,,,,,,,,,,,,,,,,,
Data,2,unknown,unknown,"4|2|0|40",,,,,,,,,,,,,,,,,,,,,,,
Data,6,stress_level,stress_level_time,"1094075940",s,stress_level_value,"16",,unknown,"36",,unknown,"5",,unknown,"1",,,,,,,,,,,
Data,7,respiration_rate,timestamp,"1094075940",,respiration_rate,"12.82",breaths/min,,,,,,,,,,,,,,,,,,,
Data,2,unknown,unknown,"4|248|0|176",,,,,,,,,,,,,,,,,,,,,,,
Data,6,stress_level,stress_level_time,"1094076000",s,stress_level_value,"18",,unknown,"29",,unknown,"5",,unknown,"1",,,,,,,,,,,
Data,7,respiration_rate,timestamp,"1094076000",,respiration_rate,"13.11",breaths/min,,,,,,,,,,,,,,,,,,,
Data,1,monitoring,timestamp,"1094076000",s,current_activity_type_intensity,"8",,activity_type,"8",,intensity,"0.0",,,,,,,,,,,,,,
Definition,5,monitoring,timestamp,1,,distance,1,,cycles,1,,active_time,1,,active_calories,1,,duration_min,1,,activity_type,1,,,,,
Data,5,monitoring,timestamp,"1094076000",s,distance,"0.0",m,cycles,"0.0",cycles,active_time,"16745.0",s,active_calories,"1191",kcal,duration_min,"1440",min,activity_type,"0",,,,,
Data,5,monitoring,timestamp,"1094076000",s,distance,"5253.99",m,steps,"5963",cycles,active_time,"9944.0",s,active_calories,"819",kcal,duration_min,"1440",min,activity_type,"6",,,,,
Data,5,monitoring,timestamp,"1094076000",s,distance,"43.61",m,steps,"33",cycles,active_time,"60.0",s,active_calories,"1",kcal,duration_min,"1440",min,activity_type,"1",,,,,
Definition,6,monitoring,timestamp,1,,unknown,1,,unknown,1,,,,,,,,,,,,,,,,,
Data,6,monitoring,timestamp,"1094076000",s,unknown,"28227",,unknown,"24209",,,,,,,,,,,,,,,,,
Definition,7,monitoring,timestamp,1,,unknown,1,,unknown,1,,,,,,,,,,,,,,,,,
Data,7,monitoring,timestamp,"1094076000",s,unknown,"21",,unknown,"7",,,,,,,,,,,,,,,,,
Definition,0,monitoring_hr_data,timestamp,1,,resting_heart_rate,1,,current_day_resting_heart_rate,1,,,,,,,,,,,,,,,,,
Data,0,monitoring_hr_data,timestamp,"1094076000",s,resting_heart_rate,"55",bpm,current_day_resting_heart_rate,"58",bpm,,,,,,,,,,,,,,,,
Data,3,unknown,unknown,"96|70|54|65|8|0|0|0|0|0|0|0|0|0|0|0|0|0|0|0|0|0|0|0|0",,,,,,,,,,,,,,,,,,,,,,,
Data,3,unknown,unknown,"96|70|54|65|7|0|2|0|0|0|0|0|0|0|0|0|0|0|0|0|0|0|0|0|0",,,,,,,,,,,,,,,,,,,,,,,
